file	dtype	rows	cube_MB	ratio	mode	phase	pass	ms	ns_per_MB	cached_before	footprint_MB	peak_footprint_MB	swap_MB	pressure	checksum
060_STEM_SI.dm4	float32	330	27225	0.5129	streamed	image	0	18031.3	662305.2	0.000	8250	8250	0	1	c9a6e8436139803d
060_STEM_SI.dm4	float32	330	27225	0.5129	streamed	meanDP	0	7059.2	259290.0	1.000	8251	8251	0	1	4ec60a0062984816
060_STEM_SI.dm4	float32	330	27225	0.5129	streamed	image	1	6219.7	228456.6	1.000	8251	8251	0	1	c9a6e8436139803d
060_STEM_SI.dm4	float32	330	27225	0.5129	streamed	meanDP	1	6252.3	229652.0	1.000	8251	8251	0	1	4ec60a0062984816
060_STEM_SI.dm4	float32	330	27225	0.5129	streamed	image	2	6320.4	232155.1	1.000	8252	8252	0	1	c9a6e8436139803d
060_STEM_SI.dm4	float32	330	27225	0.5129	streamed	meanDP	2	6394.5	234877.8	1.000	8252	8252	0	1	4ec60a0062984816
060_STEM_SI.dm4	float32	330	27225	0.5129	resident	preload	0	23597.1	866745.4	0.000	29983	29983	0	1	held
060_STEM_SI.dm4	float32	330	27225	0.5129	resident	image	0	2627.8	96522.1	0.492	30041	30057	0	1	c9a6e8436139803d
060_STEM_SI.dm4	float32	330	27225	0.5129	resident	meanDP	0	121.7	4468.9	0.490	30045	30057	0	1	4ec60a0062984816
060_STEM_SI.dm4	float32	330	27225	0.5129	resident	image	1	83.3	3059.2	0.490	30041	30057	0	1	c9a6e8436139803d
060_STEM_SI.dm4	float32	330	27225	0.5129	resident	meanDP	1	122.0	4482.4	0.490	30046	30057	0	1	4ec60a0062984816
060_STEM_SI.dm4	float32	330	27225	0.5129	resident	image	2	83.3	3060.6	0.490	30041	30057	0	1	c9a6e8436139803d
060_STEM_SI.dm4	float32	330	27225	0.5129	resident	meanDP	2	122.8	4512.3	0.490	30046	30057	0	1	4ec60a0062984816
060_STEM_SI.dm4	float32	330	27225	0.5129	resident	preload	0	22327.1	820097.3	0.487	29983	29983	1	1	held
060_STEM_SI.dm4	float32	330	27225	0.5129	resident	image	0	2149.4	78948.0	0.594	30041	30049	1	1	c9a6e8436139803d
060_STEM_SI.dm4	float32	330	27225	0.5129	resident	meanDP	0	121.2	4450.3	0.591	30045	30049	1	1	4ec60a0062984816
060_STEM_SI.dm4	float32	330	27225	0.5129	resident	image	1	87.1	3199.8	0.591	30041	30049	1	1	c9a6e8436139803d
060_STEM_SI.dm4	float32	330	27225	0.5129	resident	meanDP	1	123.5	4537.0	0.590	30046	30049	1	1	4ec60a0062984816
060_STEM_SI.dm4	float32	330	27225	0.5129	resident	image	2	83.9	3081.2	0.589	30041	30049	1	1	c9a6e8436139803d
060_STEM_SI.dm4	float32	330	27225	0.5129	resident	meanDP	2	123.7	4544.2	0.589	30046	30049	1	1	4ec60a0062984816
060_STEM_SI.dm4	float32	330	27225	0.5129	streamed	image	0	16016.8	588311.9	0.000	8250	8250	1	1	c9a6e8436139803d
060_STEM_SI.dm4	float32	330	27225	0.5129	streamed	meanDP	0	7334.7	269410.1	1.000	8251	8251	1	1	4ec60a0062984816
060_STEM_SI.dm4	float32	330	27225	0.5129	streamed	image	1	6145.7	225738.4	1.000	8251	8251	1	1	c9a6e8436139803d
060_STEM_SI.dm4	float32	330	27225	0.5129	streamed	meanDP	1	6146.7	225775.5	1.000	8251	8251	1	1	4ec60a0062984816
060_STEM_SI.dm4	float32	330	27225	0.5129	streamed	image	2	6107.7	224339.8	1.000	8251	8251	1	1	c9a6e8436139803d
060_STEM_SI.dm4	float32	330	27225	0.5129	streamed	meanDP	2	6063.2	222706.1	1.000	8251	8252	1	1	4ec60a0062984816
060_STEM_SI.dm4	float32	330	27225	0.5129	resident	preload	0	20216.6	742576.4	0.000	29983	29983	1	1	held
060_STEM_SI.dm4	float32	330	27225	0.5129	resident	image	0	1469.1	53962.1	0.616	30041	30041	1	1	c9a6e8436139803d
060_STEM_SI.dm4	float32	330	27225	0.5129	resident	meanDP	0	121.4	4459.1	0.614	30045	30045	1	1	4ec60a0062984816
060_STEM_SI.dm4	float32	330	27225	0.5129	resident	image	1	89.3	3281.2	0.614	30041	30045	1	1	c9a6e8436139803d
060_STEM_SI.dm4	float32	330	27225	0.5129	resident	meanDP	1	123.2	4526.1	0.613	30045	30045	1	1	4ec60a0062984816
060_STEM_SI.dm4	float32	330	27225	0.5129	resident	image	2	84.7	3112.6	0.613	30041	30045	1	1	c9a6e8436139803d
060_STEM_SI.dm4	float32	330	27225	0.5129	resident	meanDP	2	123.1	4523.2	0.613	30045	30045	1	1	4ec60a0062984816
060_STEM_SI.dm4	float32	330	27225	0.5129	resident	preload	0	16217.6	595686.8	0.613	29983	29983	1	1	held
060_STEM_SI.dm4	float32	330	27225	0.5129	resident	image	0	1425.1	52344.2	0.575	30041	30049	1	1	c9a6e8436139803d
060_STEM_SI.dm4	float32	330	27225	0.5129	resident	meanDP	0	123.1	4520.1	0.570	30045	30049	1	1	4ec60a0062984816
060_STEM_SI.dm4	float32	330	27225	0.5129	resident	image	1	85.5	3141.0	0.570	30041	30049	1	1	c9a6e8436139803d
060_STEM_SI.dm4	float32	330	27225	0.5129	resident	meanDP	1	125.6	4611.8	0.570	30046	30049	1	1	4ec60a0062984816
060_STEM_SI.dm4	float32	330	27225	0.5129	resident	image	2	80.8	2966.6	0.568	30041	30049	1	1	c9a6e8436139803d
060_STEM_SI.dm4	float32	330	27225	0.5129	resident	meanDP	2	122.8	4508.9	0.563	30046	30049	1	1	4ec60a0062984816
060_STEM_SI.dm4	float32	330	27225	0.5129	streamed	image	0	15875.7	583130.0	0.000	8250	8250	1	1	c9a6e8436139803d
060_STEM_SI.dm4	float32	330	27225	0.5129	streamed	meanDP	0	7451.3	273693.7	1.000	8251	8251	1	1	4ec60a0062984816
060_STEM_SI.dm4	float32	330	27225	0.5129	streamed	image	1	6169.8	226623.3	1.000	8250	8251	1	1	c9a6e8436139803d
060_STEM_SI.dm4	float32	330	27225	0.5129	streamed	meanDP	1	6107.8	224343.5	1.000	8251	8251	1	1	4ec60a0062984816
060_STEM_SI.dm4	float32	330	27225	0.5129	streamed	image	2	6119.1	224762.0	1.000	8251	8251	1	1	c9a6e8436139803d
060_STEM_SI.dm4	float32	330	27225	0.5129	streamed	meanDP	2	6097.4	223964.6	1.000	8251	8251	1	1	4ec60a0062984816
060_STEM_SI.dm4	float32	330	27225	0.5129	resident	preload	0	23364.3	858192.6	0.000	29983	29983	1	1	held
060_STEM_SI.dm4	float32	330	27225	0.5129	resident	image	0	2351.8	86383.7	0.500	30041	30049	1	1	c9a6e8436139803d
060_STEM_SI.dm4	float32	330	27225	0.5129	resident	meanDP	0	125.9	4624.7	0.472	30046	30049	1	1	4ec60a0062984816
060_STEM_SI.dm4	float32	330	27225	0.5129	resident	image	1	80.9	2969.7	0.472	30041	30049	1	1	c9a6e8436139803d
060_STEM_SI.dm4	float32	330	27225	0.5129	resident	meanDP	1	123.6	4539.2	0.472	30046	30049	1	1	4ec60a0062984816
060_STEM_SI.dm4	float32	330	27225	0.5129	resident	image	2	80.6	2961.3	0.471	30041	30049	1	1	c9a6e8436139803d
060_STEM_SI.dm4	float32	330	27225	0.5129	resident	meanDP	2	128.0	4700.1	0.471	30046	30049	1	1	4ec60a0062984816
060_STEM_SI.dm4	float32	330	27225	0.5129	resident	preload	0	27792.3	1020835.8	0.469	29983	29983	1	1	held
060_STEM_SI.dm4	float32	330	27225	0.5129	resident	image	0	3458.8	127044.1	0.443	30041	30057	1	1	c9a6e8436139803d
060_STEM_SI.dm4	float32	330	27225	0.5129	resident	meanDP	0	124.6	4575.0	0.435	30046	30057	1	1	4ec60a0062984816
060_STEM_SI.dm4	float32	330	27225	0.5129	resident	image	1	87.5	3214.7	0.435	30041	30057	1	1	c9a6e8436139803d
060_STEM_SI.dm4	float32	330	27225	0.5129	resident	meanDP	1	127.7	4692.4	0.435	30046	30057	1	1	4ec60a0062984816
060_STEM_SI.dm4	float32	330	27225	0.5129	resident	image	2	88.7	3259.3	0.435	30041	30057	1	1	c9a6e8436139803d
060_STEM_SI.dm4	float32	330	27225	0.5129	resident	meanDP	2	128.1	4704.4	0.435	30046	30057	1	1	4ec60a0062984816
060_STEM_SI.dm4	float32	60	4950	0.0932	streamed	image	0	3540.5	715249.4	0.000	7247	7741	1	1	3d07f65ccfd282e0
060_STEM_SI.dm4	float32	60	4950	0.0932	streamed	meanDP	0	1619.6	327197.2	0.998	7249	7744	1	1	9bd70e15aecd5f28
060_STEM_SI.dm4	float32	60	4950	0.0932	streamed	image	1	1448.6	292643.1	0.998	7249	7744	1	1	3d07f65ccfd282e0
060_STEM_SI.dm4	float32	60	4950	0.0932	streamed	meanDP	1	1513.6	305775.5	0.998	7249	7744	1	1	9bd70e15aecd5f28
060_STEM_SI.dm4	float32	60	4950	0.0932	streamed	image	2	1435.8	290051.2	0.998	7249	7744	1	1	3d07f65ccfd282e0
060_STEM_SI.dm4	float32	60	4950	0.0932	streamed	meanDP	2	1524.4	307949.6	0.998	7249	7744	1	1	9bd70e15aecd5f28
060_STEM_SI.dm4	float32	60	4950	0.0932	resident	preload	0	2901.5	586162.5	0.000	7685	7685	1	1	held
060_STEM_SI.dm4	float32	60	4950	0.0932	resident	image	0	89.7	18127.0	0.998	7742	7742	1	1	3d07f65ccfd282e0
060_STEM_SI.dm4	float32	60	4950	0.0932	resident	meanDP	0	25.7	5196.0	0.998	7744	7744	1	1	9bd70e15aecd5f28
060_STEM_SI.dm4	float32	60	4950	0.0932	resident	image	1	22.6	4571.4	0.998	7743	7744	1	1	3d07f65ccfd282e0
060_STEM_SI.dm4	float32	60	4950	0.0932	resident	meanDP	1	24.5	4948.1	0.998	7745	7745	1	1	9bd70e15aecd5f28
060_STEM_SI.dm4	float32	60	4950	0.0932	resident	image	2	40.5	8187.5	0.998	7744	7745	1	1	3d07f65ccfd282e0
060_STEM_SI.dm4	float32	60	4950	0.0932	resident	meanDP	2	27.1	5470.1	0.998	7745	7745	1	1	9bd70e15aecd5f28
060_STEM_SI.dm4	float32	60	4950	0.0932	resident	preload	0	2158.6	436079.9	0.998	7685	7685	1	1	held
060_STEM_SI.dm4	float32	60	4950	0.0932	resident	image	0	64.5	13027.1	0.998	7743	7743	1	1	3d07f65ccfd282e0
060_STEM_SI.dm4	float32	60	4950	0.0932	resident	meanDP	0	24.1	4868.4	0.998	7745	7745	1	1	9bd70e15aecd5f28
060_STEM_SI.dm4	float32	60	4950	0.0932	resident	image	1	20.5	4145.7	0.998	7744	7745	1	1	3d07f65ccfd282e0
060_STEM_SI.dm4	float32	60	4950	0.0932	resident	meanDP	1	21.7	4392.4	0.998	7745	7745	1	1	9bd70e15aecd5f28
060_STEM_SI.dm4	float32	60	4950	0.0932	resident	image	2	29.3	5914.1	0.998	7744	7745	1	1	3d07f65ccfd282e0
060_STEM_SI.dm4	float32	60	4950	0.0932	resident	meanDP	2	24.1	4876.2	0.998	7745	7745	1	1	9bd70e15aecd5f28
060_STEM_SI.dm4	float32	60	4950	0.0932	streamed	image	0	3087.7	623768.6	0.000	7247	7741	1	1	3d07f65ccfd282e0
060_STEM_SI.dm4	float32	60	4950	0.0932	streamed	meanDP	0	1394.0	281611.4	0.998	7248	7744	1	1	9bd70e15aecd5f28
060_STEM_SI.dm4	float32	60	4950	0.0932	streamed	image	1	1306.0	263842.1	0.998	7248	7744	1	1	3d07f65ccfd282e0
060_STEM_SI.dm4	float32	60	4950	0.0932	streamed	meanDP	1	1265.3	255614.0	0.998	7248	7744	1	1	9bd70e15aecd5f28
060_STEM_SI.dm4	float32	60	4950	0.0932	streamed	image	2	1234.9	249477.7	0.998	7248	7744	1	1	3d07f65ccfd282e0
060_STEM_SI.dm4	float32	60	4950	0.0932	streamed	meanDP	2	1237.2	249931.1	0.998	7248	7744	1	1	9bd70e15aecd5f28
060_STEM_SI.dm4	float32	60	4950	0.0932	resident	preload	0	2937.6	593456.6	0.000	7685	7685	1	1	held
060_STEM_SI.dm4	float32	60	4950	0.0932	resident	image	0	74.2	14991.6	0.998	7742	7742	1	1	3d07f65ccfd282e0
060_STEM_SI.dm4	float32	60	4950	0.0932	resident	meanDP	0	24.6	4968.2	0.998	7744	7744	1	1	9bd70e15aecd5f28
060_STEM_SI.dm4	float32	60	4950	0.0932	resident	image	1	22.1	4474.1	0.998	7743	7744	1	1	3d07f65ccfd282e0
060_STEM_SI.dm4	float32	60	4950	0.0932	resident	meanDP	1	24.4	4936.2	0.998	7744	7744	1	1	9bd70e15aecd5f28
060_STEM_SI.dm4	float32	60	4950	0.0932	resident	image	2	29.5	5964.3	0.998	7743	7744	1	1	3d07f65ccfd282e0
060_STEM_SI.dm4	float32	60	4950	0.0932	resident	meanDP	2	24.9	5035.2	0.998	7744	7744	1	1	9bd70e15aecd5f28
060_STEM_SI.dm4	float32	60	4950	0.0932	resident	preload	0	2398.4	484522.9	0.998	7685	7685	1	1	held
060_STEM_SI.dm4	float32	60	4950	0.0932	resident	image	0	65.4	13211.9	0.998	7742	7742	1	1	3d07f65ccfd282e0
060_STEM_SI.dm4	float32	60	4950	0.0932	resident	meanDP	0	21.7	4374.6	0.998	7744	7744	1	1	9bd70e15aecd5f28
060_STEM_SI.dm4	float32	60	4950	0.0932	resident	image	1	26.1	5264.8	0.998	7743	7744	1	1	3d07f65ccfd282e0
060_STEM_SI.dm4	float32	60	4950	0.0932	resident	meanDP	1	26.8	5413.9	0.998	7744	7744	1	1	9bd70e15aecd5f28
060_STEM_SI.dm4	float32	60	4950	0.0932	resident	image	2	31.2	6300.2	0.998	7743	7744	1	1	3d07f65ccfd282e0
060_STEM_SI.dm4	float32	60	4950	0.0932	resident	meanDP	2	27.0	5450.9	0.998	7744	7744	1	1	9bd70e15aecd5f28
060_STEM_SI.dm4	float32	60	4950	0.0932	streamed	image	0	3192.4	644927.7	0.000	7247	7741	1	1	3d07f65ccfd282e0
060_STEM_SI.dm4	float32	60	4950	0.0932	streamed	meanDP	0	1582.6	319716.4	0.998	7248	7744	1	1	9bd70e15aecd5f28
060_STEM_SI.dm4	float32	60	4950	0.0932	streamed	image	1	1528.0	308688.3	0.998	7248	7744	1	1	3d07f65ccfd282e0
060_STEM_SI.dm4	float32	60	4950	0.0932	streamed	meanDP	1	1528.6	308816.6	0.998	7248	7744	1	1	9bd70e15aecd5f28
060_STEM_SI.dm4	float32	60	4950	0.0932	streamed	image	2	1510.5	305153.7	0.998	7248	7744	1	1	3d07f65ccfd282e0
060_STEM_SI.dm4	float32	60	4950	0.0932	streamed	meanDP	2	1519.5	306959.8	0.998	7248	7744	1	1	9bd70e15aecd5f28
060_STEM_SI.dm4	float32	60	4950	0.0932	resident	preload	0	2882.0	582231.1	0.000	7685	7685	1	1	held
060_STEM_SI.dm4	float32	60	4950	0.0932	resident	image	0	75.9	15323.8	0.998	7742	7742	1	1	3d07f65ccfd282e0
060_STEM_SI.dm4	float32	60	4950	0.0932	resident	meanDP	0	21.3	4309.7	0.998	7744	7744	1	1	9bd70e15aecd5f28
060_STEM_SI.dm4	float32	60	4950	0.0932	resident	image	1	22.0	4446.3	0.998	7743	7744	1	1	3d07f65ccfd282e0
060_STEM_SI.dm4	float32	60	4950	0.0932	resident	meanDP	1	24.9	5032.2	0.998	7744	7744	1	1	9bd70e15aecd5f28
060_STEM_SI.dm4	float32	60	4950	0.0932	resident	image	2	38.2	7709.3	0.998	7743	7744	1	1	3d07f65ccfd282e0
060_STEM_SI.dm4	float32	60	4950	0.0932	resident	meanDP	2	29.7	6008.8	0.998	7744	7744	1	1	9bd70e15aecd5f28
060_STEM_SI.dm4	float32	60	4950	0.0932	resident	preload	0	2167.8	437936.7	0.998	7685	7685	1	1	held
060_STEM_SI.dm4	float32	60	4950	0.0932	resident	image	0	61.5	12418.1	0.998	7742	7742	1	1	3d07f65ccfd282e0
060_STEM_SI.dm4	float32	60	4950	0.0932	resident	meanDP	0	23.8	4810.2	0.998	7744	7744	1	1	9bd70e15aecd5f28
060_STEM_SI.dm4	float32	60	4950	0.0932	resident	image	1	20.4	4125.2	0.998	7743	7744	1	1	3d07f65ccfd282e0
060_STEM_SI.dm4	float32	60	4950	0.0932	resident	meanDP	1	22.3	4504.6	0.998	7744	7744	1	1	9bd70e15aecd5f28
060_STEM_SI.dm4	float32	60	4950	0.0932	resident	image	2	19.5	3941.3	0.998	7743	7744	1	1	3d07f65ccfd282e0
060_STEM_SI.dm4	float32	60	4950	0.0932	resident	meanDP	2	24.6	4966.5	0.998	7744	7744	1	1	9bd70e15aecd5f28
060_STEM_SI.dm4	float32	120	9900	0.1865	streamed	image	0	5953.6	601371.6	0.000	7250	8239	1	1	6e61921a64b10987
060_STEM_SI.dm4	float32	120	9900	0.1865	streamed	meanDP	0	2734.6	276218.9	0.999	7251	8241	1	1	ce7220f7d19c5354
060_STEM_SI.dm4	float32	120	9900	0.1865	streamed	image	1	2437.2	246178.3	0.999	7251	8875	1	1	6e61921a64b10987
060_STEM_SI.dm4	float32	120	9900	0.1865	streamed	meanDP	1	2416.1	244053.1	0.999	7251	8875	1	1	ce7220f7d19c5354
060_STEM_SI.dm4	float32	120	9900	0.1865	streamed	image	2	2308.6	233192.8	0.999	7251	8875	1	1	6e61921a64b10987
060_STEM_SI.dm4	float32	120	9900	0.1865	streamed	meanDP	2	2478.1	250311.3	0.999	7251	8875	1	1	ce7220f7d19c5354
060_STEM_SI.dm4	float32	120	9900	0.1865	resident	preload	0	6039.3	610031.8	0.000	12640	12640	1	1	held
060_STEM_SI.dm4	float32	120	9900	0.1865	resident	image	0	121.9	12317.6	0.999	12697	12697	1	1	6e61921a64b10987
060_STEM_SI.dm4	float32	120	9900	0.1865	resident	meanDP	0	47.0	4745.5	0.999	12700	12700	1	1	ce7220f7d19c5354
060_STEM_SI.dm4	float32	120	9900	0.1865	resident	image	1	46.3	4678.7	0.999	12698	12700	1	1	6e61921a64b10987
060_STEM_SI.dm4	float32	120	9900	0.1865	resident	meanDP	1	49.0	4945.3	0.999	12700	12700	1	1	ce7220f7d19c5354
060_STEM_SI.dm4	float32	120	9900	0.1865	resident	image	2	52.3	5281.2	0.999	12698	12700	1	1	6e61921a64b10987
060_STEM_SI.dm4	float32	120	9900	0.1865	resident	meanDP	2	50.4	5087.6	0.999	12700	12700	1	1	ce7220f7d19c5354
060_STEM_SI.dm4	float32	120	9900	0.1865	resident	preload	0	4285.9	432917.1	0.999	12640	12640	1	1	held
060_STEM_SI.dm4	float32	120	9900	0.1865	resident	image	0	119.7	12091.6	0.999	12697	12697	1	1	6e61921a64b10987
060_STEM_SI.dm4	float32	120	9900	0.1865	resident	meanDP	0	45.9	4638.8	0.999	12700	12700	1	1	ce7220f7d19c5354
060_STEM_SI.dm4	float32	120	9900	0.1865	resident	image	1	50.2	5067.0	0.999	12698	12700	1	1	6e61921a64b10987
060_STEM_SI.dm4	float32	120	9900	0.1865	resident	meanDP	1	48.9	4939.1	0.999	12700	12700	1	1	ce7220f7d19c5354
060_STEM_SI.dm4	float32	120	9900	0.1865	resident	image	2	37.3	3770.3	0.999	12698	12700	1	1	6e61921a64b10987
060_STEM_SI.dm4	float32	120	9900	0.1865	resident	meanDP	2	53.9	5445.2	0.999	12700	12700	1	1	ce7220f7d19c5354
060_STEM_SI.dm4	float32	120	9900	0.1865	streamed	image	0	6272.5	633588.2	0.000	7250	8240	1	1	6e61921a64b10987
060_STEM_SI.dm4	float32	120	9900	0.1865	streamed	meanDP	0	3131.2	316281.3	0.999	7251	8241	1	1	ce7220f7d19c5354
060_STEM_SI.dm4	float32	120	9900	0.1865	streamed	image	1	2853.7	288252.4	0.999	7251	8241	1	1	6e61921a64b10987
060_STEM_SI.dm4	float32	120	9900	0.1865	streamed	meanDP	1	2851.5	288028.5	0.999	7251	8241	1	1	ce7220f7d19c5354
060_STEM_SI.dm4	float32	120	9900	0.1865	streamed	image	2	2872.7	290171.1	0.999	7251	8241	1	1	6e61921a64b10987
060_STEM_SI.dm4	float32	120	9900	0.1865	streamed	meanDP	2	2860.7	288961.2	0.999	7251	8241	1	1	ce7220f7d19c5354
060_STEM_SI.dm4	float32	120	9900	0.1865	resident	preload	0	6176.0	623840.8	0.000	12640	12640	1	1	held
060_STEM_SI.dm4	float32	120	9900	0.1865	resident	image	0	130.8	13210.5	0.999	12697	12697	1	1	6e61921a64b10987
060_STEM_SI.dm4	float32	120	9900	0.1865	resident	meanDP	0	45.0	4550.1	0.999	12700	12700	1	1	ce7220f7d19c5354
060_STEM_SI.dm4	float32	120	9900	0.1865	resident	image	1	50.4	5085.9	0.999	12698	12700	1	1	6e61921a64b10987
060_STEM_SI.dm4	float32	120	9900	0.1865	resident	meanDP	1	46.9	4733.4	0.999	12700	12700	1	1	ce7220f7d19c5354
060_STEM_SI.dm4	float32	120	9900	0.1865	resident	image	2	48.1	4857.0	0.999	12698	12700	1	1	6e61921a64b10987
060_STEM_SI.dm4	float32	120	9900	0.1865	resident	meanDP	2	48.8	4933.5	0.999	12700	12700	1	1	ce7220f7d19c5354
060_STEM_SI.dm4	float32	120	9900	0.1865	resident	preload	0	4403.2	444765.9	0.999	12640	12640	1	1	held
060_STEM_SI.dm4	float32	120	9900	0.1865	resident	image	0	151.4	15289.8	0.999	12698	12698	1	1	6e61921a64b10987
060_STEM_SI.dm4	float32	120	9900	0.1865	resident	meanDP	0	50.1	5063.0	0.999	12701	12701	1	1	ce7220f7d19c5354
060_STEM_SI.dm4	float32	120	9900	0.1865	resident	image	1	47.1	4753.5	0.999	12699	12701	1	1	6e61921a64b10987
060_STEM_SI.dm4	float32	120	9900	0.1865	resident	meanDP	1	49.8	5029.9	0.999	12702	12702	1	1	ce7220f7d19c5354
060_STEM_SI.dm4	float32	120	9900	0.1865	resident	image	2	48.4	4889.9	0.999	12700	12702	1	1	6e61921a64b10987
060_STEM_SI.dm4	float32	120	9900	0.1865	resident	meanDP	2	51.2	5172.9	0.999	12702	12702	1	1	ce7220f7d19c5354
060_STEM_SI.dm4	float32	120	9900	0.1865	streamed	image	0	6084.4	614581.7	0.000	7250	8240	1	1	6e61921a64b10987
060_STEM_SI.dm4	float32	120	9900	0.1865	streamed	meanDP	0	2938.6	296829.5	0.999	7252	8242	1	1	ce7220f7d19c5354
060_STEM_SI.dm4	float32	120	9900	0.1865	streamed	image	1	2899.6	292889.5	0.999	7252	8244	1	1	6e61921a64b10987
060_STEM_SI.dm4	float32	120	9900	0.1865	streamed	meanDP	1	2498.4	252367.0	0.999	7252	8244	1	1	ce7220f7d19c5354
060_STEM_SI.dm4	float32	120	9900	0.1865	streamed	image	2	2385.1	240921.8	0.999	7252	9729	1	1	6e61921a64b10987
060_STEM_SI.dm4	float32	120	9900	0.1865	streamed	meanDP	2	2278.0	230100.1	0.999	7252	9729	1	1	ce7220f7d19c5354
060_STEM_SI.dm4	float32	120	9900	0.1865	resident	preload	0	6942.6	701275.4	0.000	12640	12640	1	1	held
060_STEM_SI.dm4	float32	120	9900	0.1865	resident	image	0	137.7	13913.6	0.999	12697	12697	1	1	6e61921a64b10987
060_STEM_SI.dm4	float32	120	9900	0.1865	resident	meanDP	0	45.2	4562.8	0.999	12700	12700	1	1	ce7220f7d19c5354
060_STEM_SI.dm4	float32	120	9900	0.1865	resident	image	1	38.7	3906.4	0.999	12698	12700	1	1	6e61921a64b10987
060_STEM_SI.dm4	float32	120	9900	0.1865	resident	meanDP	1	50.6	5110.8	0.999	12700	12700	1	1	ce7220f7d19c5354
060_STEM_SI.dm4	float32	120	9900	0.1865	resident	image	2	43.5	4392.8	0.999	12698	12700	1	1	6e61921a64b10987
060_STEM_SI.dm4	float32	120	9900	0.1865	resident	meanDP	2	49.0	4945.6	0.999	12700	12700	1	1	ce7220f7d19c5354
060_STEM_SI.dm4	float32	120	9900	0.1865	resident	preload	0	4186.8	422905.9	0.999	12640	12640	1	1	held
060_STEM_SI.dm4	float32	120	9900	0.1865	resident	image	0	121.9	12312.1	0.999	12697	12697	1	1	6e61921a64b10987
060_STEM_SI.dm4	float32	120	9900	0.1865	resident	meanDP	0	53.2	5375.2	0.999	12700	12700	1	1	ce7220f7d19c5354
060_STEM_SI.dm4	float32	120	9900	0.1865	resident	image	1	42.5	4292.7	0.999	12698	12700	1	1	6e61921a64b10987
060_STEM_SI.dm4	float32	120	9900	0.1865	resident	meanDP	1	45.9	4639.2	0.999	12700	12700	1	1	ce7220f7d19c5354
060_STEM_SI.dm4	float32	120	9900	0.1865	resident	image	2	37.4	3781.2	0.999	12698	12700	1	1	6e61921a64b10987
060_STEM_SI.dm4	float32	120	9900	0.1865	resident	meanDP	2	48.0	4851.4	0.999	12700	12700	1	1	ce7220f7d19c5354
060_STEM_SI.dm4	float32	180	14850	0.2797	streamed	image	0	8815.9	593665.2	0.000	7995	9481	1	1	ea8a50e7cb6e09fb
060_STEM_SI.dm4	float32	180	14850	0.2797	streamed	meanDP	0	4082.2	274897.5	0.999	7996	9482	1	1	389159383a044710
060_STEM_SI.dm4	float32	180	14850	0.2797	streamed	image	1	3705.8	249551.5	0.999	7996	10720	1	1	ea8a50e7cb6e09fb
060_STEM_SI.dm4	float32	180	14850	0.2797	streamed	meanDP	1	3798.8	255812.1	0.999	7996	10720	1	1	389159383a044710
060_STEM_SI.dm4	float32	180	14850	0.2797	streamed	image	2	3517.7	236884.1	0.999	7997	10720	1	1	ea8a50e7cb6e09fb
060_STEM_SI.dm4	float32	180	14850	0.2797	streamed	meanDP	2	3431.4	231067.5	0.999	7996	10720	1	1	389159383a044710
060_STEM_SI.dm4	float32	180	14850	0.2797	resident	preload	0	10287.1	692733.1	0.000	18833	18833	1	1	held
060_STEM_SI.dm4	float32	180	14850	0.2797	resident	image	0	210.3	14158.6	0.999	18891	18891	1	1	ea8a50e7cb6e09fb
060_STEM_SI.dm4	float32	180	14850	0.2797	resident	meanDP	0	67.5	4546.8	0.999	18894	18894	1	1	389159383a044710
060_STEM_SI.dm4	float32	180	14850	0.2797	resident	image	1	61.5	4142.0	0.999	18891	18894	1	1	ea8a50e7cb6e09fb
060_STEM_SI.dm4	float32	180	14850	0.2797	resident	meanDP	1	75.6	5087.6	0.999	18894	18894	1	1	389159383a044710
060_STEM_SI.dm4	float32	180	14850	0.2797	resident	image	2	64.0	4306.9	0.999	18891	18894	1	1	ea8a50e7cb6e09fb
060_STEM_SI.dm4	float32	180	14850	0.2797	resident	meanDP	2	72.0	4848.9	0.999	18894	18894	1	1	389159383a044710
060_STEM_SI.dm4	float32	180	14850	0.2797	resident	preload	0	7246.8	488000.9	0.999	18833	18833	1	1	held
060_STEM_SI.dm4	float32	180	14850	0.2797	resident	image	0	191.5	12898.6	0.999	18891	18891	1	1	ea8a50e7cb6e09fb
060_STEM_SI.dm4	float32	180	14850	0.2797	resident	meanDP	0	71.5	4817.9	0.999	18894	18894	1	1	389159383a044710
060_STEM_SI.dm4	float32	180	14850	0.2797	resident	image	1	54.8	3692.9	0.999	18891	18894	1	1	ea8a50e7cb6e09fb
060_STEM_SI.dm4	float32	180	14850	0.2797	resident	meanDP	1	71.3	4798.1	0.999	18894	18894	1	1	389159383a044710
060_STEM_SI.dm4	float32	180	14850	0.2797	resident	image	2	54.9	3696.1	0.999	18891	18894	1	1	ea8a50e7cb6e09fb
060_STEM_SI.dm4	float32	180	14850	0.2797	resident	meanDP	2	72.6	4887.9	0.999	18894	18894	1	1	389159383a044710
060_STEM_SI.dm4	float32	180	14850	0.2797	streamed	image	0	8785.7	591630.9	0.000	7995	9481	1	1	ea8a50e7cb6e09fb
060_STEM_SI.dm4	float32	180	14850	0.2797	streamed	meanDP	0	3976.3	267762.9	0.999	7996	9482	1	1	389159383a044710
060_STEM_SI.dm4	float32	180	14850	0.2797	streamed	image	1	3910.1	263306.7	0.999	7996	10720	1	1	ea8a50e7cb6e09fb
060_STEM_SI.dm4	float32	180	14850	0.2797	streamed	meanDP	1	3924.6	264280.3	0.999	7996	10720	1	1	389159383a044710
060_STEM_SI.dm4	float32	180	14850	0.2797	streamed	image	2	3722.7	250687.7	0.999	7996	10720	1	1	ea8a50e7cb6e09fb
060_STEM_SI.dm4	float32	180	14850	0.2797	streamed	meanDP	2	3723.2	250718.9	0.999	7997	10721	1	1	389159383a044710
060_STEM_SI.dm4	float32	180	14850	0.2797	resident	preload	0	10940.8	736757.2	0.000	18833	18833	1	1	held
060_STEM_SI.dm4	float32	180	14850	0.2797	resident	image	0	211.6	14252.4	0.999	18891	18891	1	1	ea8a50e7cb6e09fb
060_STEM_SI.dm4	float32	180	14850	0.2797	resident	meanDP	0	79.0	5322.0	0.999	18894	18894	1	1	389159383a044710
060_STEM_SI.dm4	float32	180	14850	0.2797	resident	image	1	56.6	3810.8	0.999	18892	18894	1	1	ea8a50e7cb6e09fb
060_STEM_SI.dm4	float32	180	14850	0.2797	resident	meanDP	1	75.6	5088.8	0.999	18894	18894	1	1	389159383a044710
060_STEM_SI.dm4	float32	180	14850	0.2797	resident	image	2	57.7	3888.3	0.999	18892	18894	1	1	ea8a50e7cb6e09fb
060_STEM_SI.dm4	float32	180	14850	0.2797	resident	meanDP	2	69.2	4663.2	0.999	18894	18894	1	1	389159383a044710
060_STEM_SI.dm4	float32	180	14850	0.2797	resident	preload	0	6751.5	454646.8	0.999	18833	18833	1	1	held
060_STEM_SI.dm4	float32	180	14850	0.2797	resident	image	0	196.5	13234.1	0.999	18891	18891	1	1	ea8a50e7cb6e09fb
060_STEM_SI.dm4	float32	180	14850	0.2797	resident	meanDP	0	72.2	4863.5	0.999	18895	18895	1	1	389159383a044710
060_STEM_SI.dm4	float32	180	14850	0.2797	resident	image	1	55.4	3732.6	0.999	18892	18895	1	1	ea8a50e7cb6e09fb
060_STEM_SI.dm4	float32	180	14850	0.2797	resident	meanDP	1	71.6	4819.2	0.999	18895	18895	1	1	389159383a044710
060_STEM_SI.dm4	float32	180	14850	0.2797	resident	image	2	54.1	3640.3	0.999	18892	18895	1	1	ea8a50e7cb6e09fb
060_STEM_SI.dm4	float32	180	14850	0.2797	resident	meanDP	2	71.3	4802.3	0.999	18895	18895	1	1	389159383a044710
060_STEM_SI.dm4	float32	180	14850	0.2797	streamed	image	0	9512.4	640567.9	0.000	7996	9481	1	1	ea8a50e7cb6e09fb
060_STEM_SI.dm4	float32	180	14850	0.2797	streamed	meanDP	0	4104.8	276415.2	0.999	7997	9483	1	1	389159383a044710
060_STEM_SI.dm4	float32	180	14850	0.2797	streamed	image	1	3546.9	238848.3	0.999	7997	9483	1	1	ea8a50e7cb6e09fb
060_STEM_SI.dm4	float32	180	14850	0.2797	streamed	meanDP	1	3816.1	256977.7	0.999	7996	9483	1	1	389159383a044710
060_STEM_SI.dm4	float32	180	14850	0.2797	streamed	image	2	3423.8	230557.3	0.999	7996	10254	1	1	ea8a50e7cb6e09fb
060_STEM_SI.dm4	float32	180	14850	0.2797	streamed	meanDP	2	3472.4	233828.5	0.999	10721	10721	1	1	389159383a044710
060_STEM_SI.dm4	float32	180	14850	0.2797	resident	preload	0	9158.4	616730.0	0.000	18833	18833	1	1	held
060_STEM_SI.dm4	float32	180	14850	0.2797	resident	image	0	188.6	12700.7	0.999	18891	18891	1	1	ea8a50e7cb6e09fb
060_STEM_SI.dm4	float32	180	14850	0.2797	resident	meanDP	0	68.8	4630.4	0.999	18894	18894	1	1	389159383a044710
060_STEM_SI.dm4	float32	180	14850	0.2797	resident	image	1	54.7	3684.3	0.999	18891	18894	1	1	ea8a50e7cb6e09fb
060_STEM_SI.dm4	float32	180	14850	0.2797	resident	meanDP	1	74.9	5045.8	0.999	18894	18894	1	1	389159383a044710
060_STEM_SI.dm4	float32	180	14850	0.2797	resident	image	2	54.8	3689.6	0.999	18891	18894	1	1	ea8a50e7cb6e09fb
060_STEM_SI.dm4	float32	180	14850	0.2797	resident	meanDP	2	71.6	4818.5	0.999	18894	18894	1	1	389159383a044710
060_STEM_SI.dm4	float32	180	14850	0.2797	resident	preload	0	6671.0	449228.4	0.999	18833	18833	1	1	held
060_STEM_SI.dm4	float32	180	14850	0.2797	resident	image	0	180.1	12130.8	0.999	18891	18891	1	1	ea8a50e7cb6e09fb
060_STEM_SI.dm4	float32	180	14850	0.2797	resident	meanDP	0	67.3	4533.3	0.999	18894	18894	1	1	389159383a044710
060_STEM_SI.dm4	float32	180	14850	0.2797	resident	image	1	59.0	3972.7	0.999	18891	18894	1	1	ea8a50e7cb6e09fb
060_STEM_SI.dm4	float32	180	14850	0.2797	resident	meanDP	1	70.2	4730.4	0.999	18894	18894	1	1	389159383a044710
060_STEM_SI.dm4	float32	180	14850	0.2797	resident	image	2	56.0	3772.6	0.999	18891	18894	1	1	ea8a50e7cb6e09fb
060_STEM_SI.dm4	float32	180	14850	0.2797	resident	meanDP	2	69.2	4662.5	0.999	18894	18894	1	1	389159383a044710
060_STEM_SI.dm4	float32	240	19800	0.3730	streamed	image	0	11906.9	601358.4	0.000	7008	8989	1	1	bbfa3f3c55c3f4a9
060_STEM_SI.dm4	float32	240	19800	0.3730	streamed	meanDP	0	5990.8	302563.2	1.000	9733	9733	1	1	a31b57413bfc3f9f
060_STEM_SI.dm4	float32	240	19800	0.3730	streamed	image	1	5314.0	268384.9	1.000	9732	9733	1	1	bbfa3f3c55c3f4a9
060_STEM_SI.dm4	float32	240	19800	0.3730	streamed	meanDP	1	5112.9	258224.9	1.000	9733	9733	1	1	a31b57413bfc3f9f
060_STEM_SI.dm4	float32	240	19800	0.3730	streamed	image	2	4661.3	235417.6	1.000	9733	9733	1	1	bbfa3f3c55c3f4a9
060_STEM_SI.dm4	float32	240	19800	0.3730	streamed	meanDP	2	5290.8	267210.7	1.000	9733	9733	1	1	a31b57413bfc3f9f
060_STEM_SI.dm4	float32	240	19800	0.3730	resident	preload	0	17347.6	876141.9	0.000	23293	23293	1	1	held
060_STEM_SI.dm4	float32	240	19800	0.3730	resident	image	0	1974.5	99724.7	0.823	23351	23359	1	1	bbfa3f3c55c3f4a9
060_STEM_SI.dm4	float32	240	19800	0.3730	resident	meanDP	0	94.0	4747.3	0.819	23355	23359	1	1	a31b57413bfc3f9f
060_STEM_SI.dm4	float32	240	19800	0.3730	resident	image	1	70.5	3561.6	0.819	23351	23359	1	1	bbfa3f3c55c3f4a9
060_STEM_SI.dm4	float32	240	19800	0.3730	resident	meanDP	1	98.0	4951.9	0.819	23355	23359	1	1	a31b57413bfc3f9f
060_STEM_SI.dm4	float32	240	19800	0.3730	resident	image	2	70.0	3537.3	0.819	23351	23359	1	1	bbfa3f3c55c3f4a9
060_STEM_SI.dm4	float32	240	19800	0.3730	resident	meanDP	2	91.4	4614.4	0.819	23355	23359	1	1	a31b57413bfc3f9f
060_STEM_SI.dm4	float32	240	19800	0.3730	resident	preload	0	10700.4	540422.8	0.819	23293	23293	1	1	held
060_STEM_SI.dm4	float32	240	19800	0.3730	resident	image	0	275.0	13890.2	0.977	23351	23351	1	1	bbfa3f3c55c3f4a9
060_STEM_SI.dm4	float32	240	19800	0.3730	resident	meanDP	0	90.6	4575.3	0.976	23355	23355	1	1	a31b57413bfc3f9f
060_STEM_SI.dm4	float32	240	19800	0.3730	resident	image	1	68.8	3474.8	0.976	23351	23355	1	1	bbfa3f3c55c3f4a9
060_STEM_SI.dm4	float32	240	19800	0.3730	resident	meanDP	1	89.9	4537.9	0.976	23355	23355	1	1	a31b57413bfc3f9f
060_STEM_SI.dm4	float32	240	19800	0.3730	resident	image	2	66.6	3364.1	0.976	23351	23355	1	1	bbfa3f3c55c3f4a9
060_STEM_SI.dm4	float32	240	19800	0.3730	resident	meanDP	2	91.9	4643.1	0.976	23355	23355	1	1	a31b57413bfc3f9f
060_STEM_SI.dm4	float32	240	19800	0.3730	streamed	image	0	11272.3	569309.4	0.000	7007	8988	1	1	bbfa3f3c55c3f4a9
060_STEM_SI.dm4	float32	240	19800	0.3730	streamed	meanDP	0	5149.9	260095.6	1.000	9733	9733	1	1	a31b57413bfc3f9f
060_STEM_SI.dm4	float32	240	19800	0.3730	streamed	image	1	4352.9	219844.2	1.000	7008	9733	1	1	bbfa3f3c55c3f4a9
060_STEM_SI.dm4	float32	240	19800	0.3730	streamed	meanDP	1	4310.8	217719.7	1.000	9733	9733	1	1	a31b57413bfc3f9f
060_STEM_SI.dm4	float32	240	19800	0.3730	streamed	image	2	4369.1	220663.8	1.000	7008	9733	1	1	bbfa3f3c55c3f4a9
060_STEM_SI.dm4	float32	240	19800	0.3730	streamed	meanDP	2	4603.2	232486.4	1.000	9733	9733	1	1	a31b57413bfc3f9f
060_STEM_SI.dm4	float32	240	19800	0.3730	resident	preload	0	12338.7	623164.8	0.000	23293	23293	1	1	held
060_STEM_SI.dm4	float32	240	19800	0.3730	resident	image	0	253.6	12809.0	1.000	23351	23351	1	1	bbfa3f3c55c3f4a9
060_STEM_SI.dm4	float32	240	19800	0.3730	resident	meanDP	0	98.9	4995.4	1.000	23355	23355	1	1	a31b57413bfc3f9f
060_STEM_SI.dm4	float32	240	19800	0.3730	resident	image	1	68.0	3434.7	1.000	23351	23355	1	1	bbfa3f3c55c3f4a9
060_STEM_SI.dm4	float32	240	19800	0.3730	resident	meanDP	1	97.9	4944.0	1.000	23355	23355	1	1	a31b57413bfc3f9f
060_STEM_SI.dm4	float32	240	19800	0.3730	resident	image	2	68.3	3451.8	1.000	23351	23355	1	1	bbfa3f3c55c3f4a9
060_STEM_SI.dm4	float32	240	19800	0.3730	resident	meanDP	2	94.2	4755.4	1.000	23355	23355	1	1	a31b57413bfc3f9f
060_STEM_SI.dm4	float32	240	19800	0.3730	resident	preload	0	8851.3	447036.8	1.000	23293	23293	1	1	held
060_STEM_SI.dm4	float32	240	19800	0.3730	resident	image	0	223.7	11296.1	1.000	23351	23351	1	1	bbfa3f3c55c3f4a9
060_STEM_SI.dm4	float32	240	19800	0.3730	resident	meanDP	0	100.2	5062.1	1.000	23355	23355	1	1	a31b57413bfc3f9f
060_STEM_SI.dm4	float32	240	19800	0.3730	resident	image	1	68.1	3439.6	1.000	23351	23355	1	1	bbfa3f3c55c3f4a9
060_STEM_SI.dm4	float32	240	19800	0.3730	resident	meanDP	1	92.5	4672.2	1.000	23355	23355	1	1	a31b57413bfc3f9f
060_STEM_SI.dm4	float32	240	19800	0.3730	resident	image	2	68.7	3469.3	1.000	23351	23355	1	1	bbfa3f3c55c3f4a9
060_STEM_SI.dm4	float32	240	19800	0.3730	resident	meanDP	2	92.5	4671.1	1.000	23355	23355	1	1	a31b57413bfc3f9f
060_STEM_SI.dm4	float32	240	19800	0.3730	streamed	image	0	12290.9	620753.1	0.000	7007	8988	1	1	bbfa3f3c55c3f4a9
060_STEM_SI.dm4	float32	240	19800	0.3730	streamed	meanDP	0	6139.7	310084.1	1.000	9733	9733	1	1	a31b57413bfc3f9f
060_STEM_SI.dm4	float32	240	19800	0.3730	streamed	image	1	5521.1	278840.9	1.000	7009	9733	1	1	bbfa3f3c55c3f4a9
060_STEM_SI.dm4	float32	240	19800	0.3730	streamed	meanDP	1	5480.6	276796.6	1.000	9733	9733	1	1	a31b57413bfc3f9f
060_STEM_SI.dm4	float32	240	19800	0.3730	streamed	image	2	5486.0	277068.4	1.000	7009	9733	1	1	bbfa3f3c55c3f4a9
060_STEM_SI.dm4	float32	240	19800	0.3730	streamed	meanDP	2	5491.5	277347.4	1.000	9733	9733	1	1	a31b57413bfc3f9f
060_STEM_SI.dm4	float32	240	19800	0.3730	resident	preload	0	12199.0	616111.9	0.000	23293	23293	1	1	held
060_STEM_SI.dm4	float32	240	19800	0.3730	resident	image	0	223.5	11286.5	1.000	23351	23351	1	1	bbfa3f3c55c3f4a9
060_STEM_SI.dm4	float32	240	19800	0.3730	resident	meanDP	0	90.6	4574.5	1.000	23355	23355	1	1	a31b57413bfc3f9f
060_STEM_SI.dm4	float32	240	19800	0.3730	resident	image	1	68.7	3471.0	1.000	23351	23355	1	1	bbfa3f3c55c3f4a9
060_STEM_SI.dm4	float32	240	19800	0.3730	resident	meanDP	1	94.3	4764.7	1.000	23355	23355	1	1	a31b57413bfc3f9f
060_STEM_SI.dm4	float32	240	19800	0.3730	resident	image	2	67.2	3394.7	1.000	23351	23355	1	1	bbfa3f3c55c3f4a9
060_STEM_SI.dm4	float32	240	19800	0.3730	resident	meanDP	2	91.3	4612.8	1.000	23355	23355	1	1	a31b57413bfc3f9f
060_STEM_SI.dm4	float32	240	19800	0.3730	resident	preload	0	8349.2	421677.3	1.000	23293	23293	1	1	held
060_STEM_SI.dm4	float32	240	19800	0.3730	resident	image	0	217.0	10961.5	1.000	23351	23351	1	1	bbfa3f3c55c3f4a9
060_STEM_SI.dm4	float32	240	19800	0.3730	resident	meanDP	0	98.8	4987.5	1.000	23355	23355	1	1	a31b57413bfc3f9f
060_STEM_SI.dm4	float32	240	19800	0.3730	resident	image	1	65.9	3329.6	1.000	23351	23355	1	1	bbfa3f3c55c3f4a9
060_STEM_SI.dm4	float32	240	19800	0.3730	resident	meanDP	1	94.2	4756.5	1.000	23355	23355	1	1	a31b57413bfc3f9f
060_STEM_SI.dm4	float32	240	19800	0.3730	resident	image	2	68.2	3442.2	1.000	23351	23355	1	1	bbfa3f3c55c3f4a9
060_STEM_SI.dm4	float32	240	19800	0.3730	resident	meanDP	2	90.9	4592.0	1.000	23355	23355	1	1	a31b57413bfc3f9f
060_STEM_SI.dm4	float32	300	24750	0.4662	streamed	image	0	14712.1	594430.1	0.000	8744	8744	1	1	9544d8141b5e58c8
060_STEM_SI.dm4	float32	300	24750	0.4662	streamed	meanDP	0	7285.5	294361.7	1.000	8745	8745	1	1	d7f1d7228452296e
060_STEM_SI.dm4	float32	300	24750	0.4662	streamed	image	1	6109.8	246861.1	1.000	8745	8745	1	1	9544d8141b5e58c8
060_STEM_SI.dm4	float32	300	24750	0.4662	streamed	meanDP	1	6765.9	273370.0	1.000	8745	8745	1	1	d7f1d7228452296e
060_STEM_SI.dm4	float32	300	24750	0.4662	streamed	image	2	6762.3	273222.3	1.000	8745	8745	1	1	9544d8141b5e58c8
060_STEM_SI.dm4	float32	300	24750	0.4662	streamed	meanDP	2	6571.2	265504.0	1.000	8745	8745	1	1	d7f1d7228452296e
060_STEM_SI.dm4	float32	300	24750	0.4662	resident	preload	0	17279.1	698145.6	0.000	27753	27753	1	1	held
060_STEM_SI.dm4	float32	300	24750	0.4662	resident	image	0	1196.1	48329.0	0.708	27811	27811	1	1	9544d8141b5e58c8
060_STEM_SI.dm4	float32	300	24750	0.4662	resident	meanDP	0	112.6	4549.2	0.704	27816	27816	1	1	d7f1d7228452296e
060_STEM_SI.dm4	float32	300	24750	0.4662	resident	image	1	80.2	3241.2	0.704	27811	27816	1	1	9544d8141b5e58c8
060_STEM_SI.dm4	float32	300	24750	0.4662	resident	meanDP	1	113.1	4568.9	0.704	27816	27816	1	1	d7f1d7228452296e
060_STEM_SI.dm4	float32	300	24750	0.4662	resident	image	2	78.6	3174.9	0.704	27811	27816	1	1	9544d8141b5e58c8
060_STEM_SI.dm4	float32	300	24750	0.4662	resident	meanDP	2	111.5	4504.0	0.704	27816	27816	1	1	d7f1d7228452296e
060_STEM_SI.dm4	float32	300	24750	0.4662	resident	preload	0	13838.6	559136.4	0.704	27753	27753	1	1	held
060_STEM_SI.dm4	float32	300	24750	0.4662	resident	image	0	767.2	30997.2	0.737	27811	27811	1	1	9544d8141b5e58c8
060_STEM_SI.dm4	float32	300	24750	0.4662	resident	meanDP	0	112.2	4534.1	0.733	27816	27816	1	1	d7f1d7228452296e
060_STEM_SI.dm4	float32	300	24750	0.4662	resident	image	1	80.5	3251.8	0.730	27811	27816	1	1	9544d8141b5e58c8
060_STEM_SI.dm4	float32	300	24750	0.4662	resident	meanDP	1	111.8	4518.0	0.729	27816	27816	1	1	d7f1d7228452296e
060_STEM_SI.dm4	float32	300	24750	0.4662	resident	image	2	77.4	3128.9	0.728	27811	27816	1	1	9544d8141b5e58c8
060_STEM_SI.dm4	float32	300	24750	0.4662	resident	meanDP	2	111.7	4513.3	0.728	27816	27816	1	1	d7f1d7228452296e
060_STEM_SI.dm4	float32	300	24750	0.4662	streamed	image	0	13957.8	563951.7	0.000	8744	8744	1	1	9544d8141b5e58c8
060_STEM_SI.dm4	float32	300	24750	0.4662	streamed	meanDP	0	6454.0	260769.6	1.000	8745	8745	1	1	d7f1d7228452296e
060_STEM_SI.dm4	float32	300	24750	0.4662	streamed	image	1	5448.1	220125.2	1.000	8745	8745	1	1	9544d8141b5e58c8
060_STEM_SI.dm4	float32	300	24750	0.4662	streamed	meanDP	1	5463.4	220745.3	1.000	8745	8745	1	1	d7f1d7228452296e
060_STEM_SI.dm4	float32	300	24750	0.4662	streamed	image	2	5482.7	221524.8	1.000	8745	8745	1	1	9544d8141b5e58c8
060_STEM_SI.dm4	float32	300	24750	0.4662	streamed	meanDP	2	5439.8	219788.9	1.000	8745	8745	1	1	d7f1d7228452296e
060_STEM_SI.dm4	float32	300	24750	0.4662	resident	preload	0	18225.5	736383.4	0.000	27753	27753	1	1	held
060_STEM_SI.dm4	float32	300	24750	0.4662	resident	image	0	1037.4	41913.5	0.683	27811	27811	1	1	9544d8141b5e58c8
060_STEM_SI.dm4	float32	300	24750	0.4662	resident	meanDP	0	114.8	4640.0	0.680	27816	27816	1	1	d7f1d7228452296e
060_STEM_SI.dm4	float32	300	24750	0.4662	resident	image	1	81.7	3301.1	0.680	27811	27816	1	1	9544d8141b5e58c8
060_STEM_SI.dm4	float32	300	24750	0.4662	resident	meanDP	1	111.4	4500.6	0.680	27816	27816	1	1	d7f1d7228452296e
060_STEM_SI.dm4	float32	300	24750	0.4662	resident	image	2	81.6	3296.2	0.680	27811	27816	1	1	9544d8141b5e58c8
060_STEM_SI.dm4	float32	300	24750	0.4662	resident	meanDP	2	115.3	4658.7	0.680	27816	27816	1	1	d7f1d7228452296e
060_STEM_SI.dm4	float32	300	24750	0.4662	resident	preload	0	13216.8	534010.4	0.680	27753	27753	1	1	held
060_STEM_SI.dm4	float32	300	24750	0.4662	resident	image	0	773.4	31248.8	0.689	27811	27811	1	1	9544d8141b5e58c8
060_STEM_SI.dm4	float32	300	24750	0.4662	resident	meanDP	0	109.9	4439.8	0.678	27816	27816	1	1	d7f1d7228452296e
060_STEM_SI.dm4	float32	300	24750	0.4662	resident	image	1	80.6	3258.1	0.678	27811	27816	1	1	9544d8141b5e58c8
060_STEM_SI.dm4	float32	300	24750	0.4662	resident	meanDP	1	111.6	4507.8	0.678	27816	27816	1	1	d7f1d7228452296e
060_STEM_SI.dm4	float32	300	24750	0.4662	resident	image	2	79.4	3209.1	0.678	27811	27816	1	1	9544d8141b5e58c8
060_STEM_SI.dm4	float32	300	24750	0.4662	resident	meanDP	2	110.9	4481.7	0.678	27816	27816	1	1	d7f1d7228452296e
060_STEM_SI.dm4	float32	300	24750	0.4662	streamed	image	0	14073.6	568630.2	0.000	8744	8744	1	1	9544d8141b5e58c8
060_STEM_SI.dm4	float32	300	24750	0.4662	streamed	meanDP	0	6631.0	267918.6	1.000	8745	8745	1	1	d7f1d7228452296e
060_STEM_SI.dm4	float32	300	24750	0.4662	streamed	image	1	5462.3	220700.8	1.000	8745	8745	1	1	9544d8141b5e58c8
060_STEM_SI.dm4	float32	300	24750	0.4662	streamed	meanDP	1	5806.1	234590.6	1.000	8745	8745	1	1	d7f1d7228452296e
060_STEM_SI.dm4	float32	300	24750	0.4662	streamed	image	2	5907.9	238701.1	1.000	8745	8745	1	1	9544d8141b5e58c8
060_STEM_SI.dm4	float32	300	24750	0.4662	streamed	meanDP	2	5584.0	225617.8	1.000	8745	8745	1	1	d7f1d7228452296e
060_STEM_SI.dm4	float32	300	24750	0.4662	resident	preload	0	18375.4	742439.0	0.000	27753	27753	1	1	held
060_STEM_SI.dm4	float32	300	24750	0.4662	resident	image	0	838.8	33892.4	0.744	27811	27811	1	1	9544d8141b5e58c8
060_STEM_SI.dm4	float32	300	24750	0.4662	resident	meanDP	0	110.9	4480.9	0.739	27816	27816	1	1	d7f1d7228452296e
060_STEM_SI.dm4	float32	300	24750	0.4662	resident	image	1	79.4	3207.1	0.739	27811	27816	1	1	9544d8141b5e58c8
060_STEM_SI.dm4	float32	300	24750	0.4662	resident	meanDP	1	113.1	4568.7	0.739	27816	27816	1	1	d7f1d7228452296e
060_STEM_SI.dm4	float32	300	24750	0.4662	resident	image	2	79.5	3214.1	0.739	27811	27816	1	1	9544d8141b5e58c8
060_STEM_SI.dm4	float32	300	24750	0.4662	resident	meanDP	2	111.2	4491.4	0.739	27816	27816	1	1	d7f1d7228452296e
060_STEM_SI.dm4	float32	300	24750	0.4662	resident	preload	0	13467.4	544138.5	0.739	27753	27753	1	1	held
060_STEM_SI.dm4	float32	300	24750	0.4662	resident	image	0	920.9	37208.4	0.717	27811	27811	1	1	9544d8141b5e58c8
060_STEM_SI.dm4	float32	300	24750	0.4662	resident	meanDP	0	111.8	4516.6	0.714	27816	27816	1	1	d7f1d7228452296e
060_STEM_SI.dm4	float32	300	24750	0.4662	resident	image	1	80.8	3263.9	0.714	27811	27816	1	1	9544d8141b5e58c8
060_STEM_SI.dm4	float32	300	24750	0.4662	resident	meanDP	1	110.1	4446.9	0.714	27816	27816	1	1	d7f1d7228452296e
060_STEM_SI.dm4	float32	300	24750	0.4662	resident	image	2	80.2	3242.0	0.714	27811	27816	1	1	9544d8141b5e58c8
060_STEM_SI.dm4	float32	300	24750	0.4662	resident	meanDP	2	111.3	4497.6	0.714	27816	27816	1	1	d7f1d7228452296e
