start_utc	sizeMB	scan	dwell_us	frames	fov_um	instr	kV	CL_mm	SI_img_shape	StreamShape	ndups	first_path
	2.6			1					[(1900, 500, 1)]	[216112, 1]	1	NB/01_projects/HQE_MM_Sensor/1743/SI HAADF 1800 23000 x 20260423.emd
	3.1								[(308, 163, 1)]	None	2	NB/01_projects/LMN_EM_General/for_MDW/MDW_PL_Maurice/SI HAADF 0826.emd
	4.0								[(413, 105, 1)]	None	2	NB/01_projects/LOT_Quadrature_Project/HP087/20250408/emd/SI HAADF 1259.emd
	8.8								[(882, 531, 1)]	None	1	NB/01_projects/CEITEC_RK_Sample_699_XA/TEM_Ronoh_Sample_699_XA/SI HAADF 1507.emd
2024-06-12T14:24+00:00	271.6	2048x2048	5	19	0.547	Talos F200X	200000	125	[(1407, 1732, 1), (1407, 1732, 19)]	[48960242, 1]	1	NB/02_methods/Software/Hyperspy/20240612 SI HAADF 1624 185 kx.emd
2024-06-12T14:24+00:00	271.6	2048x2048	5	19	0.547	Talos F200X	200000	125	[(1407, 1732, 1), (1407, 1732, 19)]	[48960242, 1]	2	NB/01_projects/LMN_MA_4DSTEM/images/high_pressure_torsion/lamC/emd_files/20240612 SI HAADF 1624 185 kx.emd
2024-06-12T14:24+00:00	271.6	2048x2048	5	19	0.547	Talos F200X	200000	125	[(1407, 1732, 1), (1407, 1732, 19)]	[48960242, 1]	1	NB/06_academia/PL_Master_Thesis/mastersthesis_latex/hyperspy/20240612 SI HAADF 1624 185 kx.emd
2024-10-18T14:58+00:00	27.6	1024x1024	10	22	6.09	Talos F200X	200000	125	[(238, 849, 1), (238, 849, 1)]	[4707370, 1]	1	NB/01_projects/LMN_EM_General/for_Temesgen/20241018_AlSi10Mg/SI HAADF 1658.emd
2024-10-18T15:08+00:00	231.2	1024x1024	10	108	4.3	Talos F200X	200000	125	[(526, 849, 1), (526, 849, 108)]	[50255583, 1]	1	NB/01_projects/LMN_EM_General/for_Temesgen/20241018_AlSi10Mg/SI HAADF 1708.emd
2024-10-18T15:21+00:00	83.7	1024x1024	10	108	2.19	Talos F200X	200000	125	[(495, 247, 108), (495, 247, 1)]	[15020927, 1]	1	NB/01_projects/LMN_EM_General/for_Temesgen/20241018_AlSi10Mg/SI HAADF 1721.emd
2024-10-18T15:29+00:00	99.2	1024x1024	10	108	4.3	Talos F200X	200000	125	[(625, 286, 108), (625, 286, 1)]	[19450035, 1]	1	NB/01_projects/LMN_EM_General/for_Temesgen/20241018_AlSi10Mg/SI HAADF 1729.emd
2024-10-18T15:55+00:00	2437.9	1024x1024	10	1728	4.3	Talos F200X	200000	125	[(655, 471, 1728), (655, 471, 1)]	[550060965, 1]	1	NB/01_projects/LMN_EM_General/for_Temesgen/20241018_AlSi10Mg/SI HAADF 1755.emd
2024-10-23T12:32+00:00	123.9	512x512	25	474	0.387	Talos F200X	200000	125	[(178, 168, 1), (178, 168, 1)]	[15411115, 1]	2	NB/01_projects/LMN_MA_4DSTEM/images/gold_ref/emd_files/SI HAADF 1432.emd
2024-10-24T07:22+00:00	120.1	1024x1024	6.25	51	14	Talos F200X	200000	205	[(614, 858, 51)]	[26924818, 1]	1	NB/01_projects/LMN_EM_General/for_Flamur/20241024_rock_wool/SI HAADF 0922.emd
2024-10-24T07:51+00:00	47.9	1024x1024	6.25	15	1.09	Talos F200X	200000	330	[(725, 904, 15)]	[9847385, 1]	1	NB/01_projects/LMN_EM_General/for_Flamur/20241024_rock_wool/SI HAADF 0951.emd
2024-10-24T07:54+00:00	231.6	1024x1024	6.25	81	24.3	Talos F200X	200000	205	[(725, 904, 81)]	[53376803, 1]	1	NB/01_projects/LMN_EM_General/for_Flamur/20241024_rock_wool/SI HAADF 0954.emd
2024-10-24T08:05+00:00	30.2	1024x1024	6.25	6	3.04	Talos F200X	200000	205	[(725, 904, 6)]	[4897158, 1]	1	NB/01_projects/LMN_EM_General/for_Flamur/20241024_rock_wool/SI HAADF 1005.emd
2024-10-24T08:26+00:00	454.3	1024x1024	2	960	2.19	Talos F200X	200000	205	[(255, 343, 960)]	[83981558, 1]	1	NB/01_projects/LMN_EM_General/for_Flamur/20241024_rock_wool/SI HAADF 1026 0001.emd
2024-10-24T09:36+00:00	0.3	1024x1024	0.5		3.04	Talos F200X	200000	260	[]	[2789, 1]	1	NB/01_projects/LMN_EM_General/for_Flamur/20241024_rock_wool/Spectrum EDS 1136 0001.emd
2024-10-24T09:38+00:00	2204.9	1024x1024	2	2889	24.3	Talos F200X	200000	260	[(357, 447, 1), (357, 447, 2889)]	[461110525, 1]	1	NB/01_projects/LMN_EM_General/for_Flamur/20241024_rock_wool/SI HAADF 1138.emd
2024-10-24T11:18+00:00	199.6	1024x1024	25	246	24.3	Talos F200X	200000	125	[(309, 318, 246), (309, 318, 1)]	[48148961, 1]	1	NB/01_projects/LMN_EM_General/for_Flamur/20241024_rock_wool/SI HAADF 1318.emd
2024-10-24T13:52+00:00	0.7	1024x1024	0.5		0.387	Talos F200X	200000	205	[]	[171203, 1]	1	NB/01_projects/LMN_EM_General/for_Temesgen/20242024_AlSi10Mg/Spectrum EDS 1552.emd
2024-10-24T13:53+00:00	91.6	1024x1024	25	58	0.387	Talos F200X	200000	205	[(455, 547, 58), (455, 547, 1)]	[17974013, 1]	1	NB/01_projects/LMN_EM_General/for_Temesgen/20242024_AlSi10Mg/SI HAADF 1552.emd
2024-10-24T14:18+00:00	208.1	2048x2048	12.5	34	0.773	Talos F200X	200000	125	[(1042, 993, 34), (1042, 993, 1)]	[41156826, 1]	1	NB/01_projects/LMN_EM_General/for_Temesgen/20242024_AlSi10Mg/SI HAADF 1618.emd
2024-10-24T14:38+00:00	3718.8	2048x2048	25	240	3.04	Talos F200X	200000	125	[(1440, 2048, 1), (1440, 2048, 1)]	[852746041, 1]	1	NB/01_projects/LMN_EM_General/for_Temesgen/20242024_AlSi10Mg/SI HAADF 1637.emd
2024-10-25T12:32+00:00	50.8	1024x1024	25	20	0.547	Talos F200X	200000	330	[(640, 624, 1), (640, 624, 1)]	[8718074, 1]	1	NB/01_projects/LMN_EM_General/for_Flamur/20241025_rock_wool/SI HAADF 1432.emd
2024-10-25T12:36+00:00	14.3	1024x1024	25	2	0.547	Talos F200X	200000	330	[(640, 624, 1), (640, 624, 1)]	[869570, 1]	1	NB/01_projects/LMN_EM_General/for_Flamur/20241025_rock_wool/SI HAADF 1436.emd
2024-10-25T12:37+00:00	108.0	1024x1024	25	44	0.547	Talos F200X	200000	330	[(616, 675, 1), (616, 675, 44)]	[20385729, 1]	1	NB/01_projects/LMN_EM_General/for_Flamur/20241025_rock_wool/SI HAADF 1437.emd
2024-10-25T12:48+00:00	2329.6	1024x1024	25	1920	0.773	Talos F200X	200000	330	[(436, 522, 1), (436, 522, 1)]	[544304057, 1]	1	NB/01_projects/LMN_EM_General/for_Flamur/20241025_rock_wool/SI HAADF 1448.emd
2024-10-28T08:12+00:00	20.1	1024x1024	25	85	1.55	Talos F200X	200000	330	[(119, 130, 85), (119, 130, 1)]	[1748919, 1]	1	NB/01_projects/LMN_EM_General/for_Flamur/20241028_rock_wool/SI HAADF 0912.emd
2024-10-28T09:24+00:00	26.9	1024x1024	25	37	3.04	Talos F200X	200000	205	[(383, 199, 1), (383, 199, 1)]	[3187558, 1]	1	NB/01_projects/LMN_EM_General/for_Flamur/20241028_rock_wool/SI HAADF 1024.emd
2024-10-28T09:39+00:00	759.1	2048x2048	25	97	1.09	Talos F200X	200000	415	[(1017, 1103, 1), (1017, 1103, 1)]	[110323898, 1]	1	NB/01_projects/LMN_EM_General/for_Flamur/20241028_rock_wool/SI HAADF 1038.emd
2024-12-04T12:52+00:00	279.8	1024x1024	6.25	393	0.773	Talos F200X	200000	125	[(298, 447, 1), (298, 447, 1)]	[55142137, 1]	2	NB/01_projects/LMN_MA_4DSTEM/images/high_pressure_torsion/lamB/emd_files/SI HAADF 1352.emd
2024-12-04T13:10+00:00	130.9	1024x1024	25	45	0.194	Talos F200X	200000	125	[(603, 724, 1), (603, 724, 1)]	[24885509, 1]	2	NB/01_projects/LMN_MA_4DSTEM/images/high_pressure_torsion/lamB/emd_files/SI HAADF 1410.emd
2024-12-13T10:44+00:00	4.2	1024x1024	25	1	0.194	Talos F200X	200000	205	[(184, 291, 5)]	[244848, 1]	2	NB/01_projects/LMN_MA_4DSTEM/images/transfer/20241213/PL_MA_Au_ref/SI HAADF 1143.emd
2024-12-20T11:39+00:00	6.0	1024x1024	12.5	1	0.773	Talos F200X	200000	205	[(400, 431, 2)]	[323494, 1]	2	NB/01_projects/LMN_MA_4DSTEM/images/transfer/PL_MA_NiCu_HPT/SI HAADF 1239.emd
2024-12-20T14:55+00:00	2948.4	2048x2048	2	171	1.55	Talos F200X	200000	160	[(1933, 1992, 1), (1933, 1992, 1)]	[667079356, 1]	2	NB/01_projects/LMN_MA_4DSTEM/images/transfer/PL_MA_NiCu_HPT/SI HAADF 1555.emd
2025-01-16T11:48+00:00	31.1	1024x1024	25	17	0.547	Talos F200X	200000	205	[(945, 199, 1), (945, 199, 1)]	[3813746, 1]	2	NB/01_projects/LMN_EM_General/for_Safarov/Ag-SiO_2-ITO_BA_MS/PL_MS_AgSiO_2-ITO_lam/SI HAADF 1248.emd
2025-01-16T11:53+00:00	106.4	1024x1024	25	70	3.04	Talos F200X	200000	205	[(979, 229, 1), (979, 229, 1)]	[18754389, 1]	2	NB/01_projects/LMN_EM_General/for_Safarov/Ag-SiO_2-ITO_BA_MS/PL_MS_AgSiO_2-ITO_lam/SI HAADF 1253.emd
2025-01-16T12:04+00:00	142.7	1024x1024	25	152	0.773	Talos F200X	200000	205	[(745, 188, 1), (745, 188, 152)]	[26275129, 1]	2	NB/01_projects/LMN_EM_General/for_Safarov/Ag-SiO_2-ITO_BA_MS/PL_MS_AgSiO_2-ITO_lam/SI HAADF 1304.emd
2025-01-16T13:08+00:00	218.0	2048x2048	25	16	0.138	Talos F200X	200000	205	[(1406, 1476, 1), (1406, 1476, 1)]	[37127201, 1]	2	NB/01_projects/LMN_EM_General/for_Safarov/Ag-SiO_2-ITO_BA_MS/PL_MS_AgSiO_2-ITO_lam/SI HAADF 1408.emd
2025-02-10T10:40+00:00	175.0	1024x1024	25	275	0.773	Talos F200X	200000	77	[(686, 165, 1), (686, 165, 1)]	[32448018, 1]	1	NB/01_projects/LMN_EM_General/for_Safarov/MF_0cycle_2/SI HAADF 1140.emd
2025-02-10T11:21+00:00	34.5	2048x2048	25	2	0.274	Talos F200X	200000	160	[(1640, 533, 1), (1640, 533, 1)]	[1791460, 1]	1	NB/01_projects/LMN_EM_General/for_Safarov/MF_0cycle_2/SI HAADF 1221.emd
2025-02-10T11:25+00:00	137.1	1024x1024	25	120	0.274	Talos F200X	200000	160	[(820, 267, 120), (820, 267, 1)]	[27167689, 1]	1	NB/01_projects/LMN_EM_General/for_Safarov/MF_0cycle_2/SI HAADF 1225.emd
2025-02-10T13:20+00:00	81.3	1024x1024	25	35	0.138	Talos F200X	200000	98	[(629, 629, 1), (629, 629, 1)]	[14318978, 1]	1	NB/01_projects/LMN_EM_General/for_Safarov/MF_0cycle_2/SI HAADF 1420.emd
2025-02-10T13:35+00:00	164.8	1024x1024	25	240	0.387	Talos F200X	200000	98	[(357, 357, 1), (357, 357, 1)]	[31475403, 1]	1	NB/01_projects/LMN_EM_General/for_Safarov/MF_0cycle_2/SI HAADF 1435.emd
2025-02-25T12:57+00:00	512.3	512x512	10	391	0.584	Themis	300000	102	[(297, 272, 1), (297, 272, 1)]	[40466038, 1]	1	NB/01_projects/KIT_LMN_TEMTEMP/KIT/Dewetting/Pd 3 nm depostion Chip 6 climate 1357 Nano SI 170 kx.emd
2025-02-27T12:55+00:00	721.5	512x512	10	643	0.413	Themis	300000	102	[(301, 220, 1), (301, 220, 1)]	[51687607, 1]	1	NB/01_projects/KIT_LMN_TEMTEMP/KIT/20250227/real_space_images/EDX_Pd 3 nm dewetted+C Chip 6 climate 1355 Nano SI 240 kx.emd
2025-03-07T11:06+00:00	78.9	1024x1024	12.5	22	3.04	Talos F200X	200000	205	[(749, 762, 1), (749, 762, 1)]	[14870211, 1]	1	NB/01_projects/LMN_EM_General/KS_PL_AlSiMg_Training/SI HAADF 1206 33000 x.emd
2025-03-07T11:11+00:00	600.6	1024x1024	12.5	240	4.3	Talos F200X	200000	205	[(732, 744, 1), (732, 744, 1)]	[136626595, 1]	1	NB/01_projects/LMN_EM_General/KS_PL_AlSiMg_Training/SI HAADF 1211 23000 x.emd
2025-03-07T13:25+00:00	1766.4	512x512	6.25	1460	6.09	Talos F200X	200000	205	[(512, 512, 1), (512, 512, 1)]	[394761029, 1]	1	NB/01_projects/LMN_EM_General/KS_PL_AlSiMg_Training/SI HAADF 1425 16500 x.emd
2025-03-25T14:49+00:00	95.7	512x512	25	249	0.547	Talos F200X	200000	160	[(399, 93, 1), (399, 93, 1)]	[13469060, 1]	1	NB/01_projects/LMN_EM_General/EELS_TiO_2_ref_20250325/Overview_images_20250325/SI HAADF 1549.emd
2025-04-03T07:44+00:00	251.4	512x512	20	917	1.09	Talos F200X	200000	205	[(442, 75, 1), (442, 75, 1)]	[33660631, 1]	2	NB/01_projects/LOT_Quadrature_Project/HP087/HP_087_overview_images_20250402/emd/SI HAADF 0944.emd
2025-04-03T08:16+00:00	476.8	512x512	25	477	0.773	Talos F200X	200000	205	[(472, 338, 1), (472, 338, 1)]	[105326602, 1]	2	NB/01_projects/LOT_Quadrature_Project/HP087/HP_087_overview_images_20250402/emd/SI HAADF 1016.emd
2025-04-03T09:02+00:00	1128.2	512x512	25	2549	1.09	Talos F200X	200000	205	[(398, 170, 1), (398, 170, 1)]	[209303017, 1]	2	NB/01_projects/LOT_Quadrature_Project/HP087/HP_087_overview_images_20250402/emd/SI HAADF 1102.emd
2025-04-15T09:21+00:00	327.4	512x512	50	613	0.0976	Talos F200X	200000	205	[(322, 265, 1), (322, 265, 1)]	[61241089, 1]	2	NB/01_projects/LOT_Quadrature_Project/HP087/20250415/Overview_images/emd/SI HAADF 1121.emd
2025-07-10T09:51+00:00	292.3	512x512	25	725	0.773	Talos F200X	200000	205	[(390, 158, 1), (390, 158, 1)]	[49762757, 1]	2	NB/01_projects/CSnM_Zirconia_NTs_thesis/A1/emd_files/SI HAADF 1151.emd
2025-07-10T11:15+00:00	29.8	512x512	25	26	0.138	Talos F200X	200000	205	[(372, 374, 1), (372, 374, 1)]	[4636470, 1]	2	NB/01_projects/CSnM_Zirconia_NTs_thesis/A3/emd_files/SI HAADF 1315.emd
2025-10-02T13:08+00:00	758.7	1024x1024	12.5	960	2.19	Talos F200X	200000	125	[(441, 265, 1), (441, 265, 1)]	[162647135, 1]	1	NB/01_projects/CEITEC_RK_Sample_699_XA/TEM_Ronoh_Sample_699_XA/SI HAADF 1508.emd
2025-10-02T14:47+00:00	213.1	512x512	25	90	0.387	Talos F200X	200000	125	[(419, 404, 1), (419, 404, 1)]	[43652982, 1]	1	NB/01_projects/CEITEC_RK_Sample_699_XA/TEM_Ronoh_Sample_699_XA/SI HAADF 1647.emd
2025-10-02T15:26+00:00	179.5	1024x1024	25	21	1.55	Talos F200X	200000	125	[(725, 725, 1), (725, 725, 1)]	[29426982, 1]	1	NB/01_projects/CEITEC_RK_Sample_699_XA/TEM_Ronoh_Sample_699_XA/SI HAADF 1726.emd
2025-10-02T15:35+00:00	39.1	1024x1024	25	2	3.04	Talos F200X	200000	125	[(725, 725, 1), (725, 725, 1)]	[3098045, 1]	1	NB/01_projects/CEITEC_RK_Sample_699_XA/TEM_Ronoh_Sample_699_XA/SI HAADF 1735.emd
2025-10-02T15:38+00:00	797.5	1024x1024	25	120	3.04	Talos F200X	200000	125	[(725, 725, 120), (725, 725, 1)]	[182204267, 1]	1	NB/01_projects/CEITEC_RK_Sample_699_XA/TEM_Ronoh_Sample_699_XA/SI HAADF 1738.emd
2025-11-04T12:30+00:00	22.8	512x512	100	22	1.09	Talos F200X	200000	125	[(400, 212, 1), (400, 212, 1)]	[2837545, 1]	2	NB/01_projects/LOT_Quadrature_Project/HP105/HP_105_overview_images_20251104/SI HAADF 1330.emd
2025-11-06T09:29+00:00	52.4	1024x1024	6.25	40	0.0122	Talos F200X	200000	125	[(500, 500, 1), (500, 500, 40)]	[10252155, 1]	2	NB/01_projects/LOT_Quadrature_Project/HP105/HP_105_overview_images_20251106/SI HAADF 1029.emd
2025-11-21T15:33+00:00	70.2	512x512	25	129	4.3	Talos F200X	200000	125	[(376, 243, 1), (376, 243, 129)]	[12128742, 1]	1	NB/01_projects/LMN_EM_General/for_Priya/20251121/PL_20251121/SI HAADF 1633.emd
2025-11-24T10:05+00:00	358.4	512x512	12.5	647	0.387	Talos F200X	200000	125	[(414, 242, 647), (414, 242, 1)]	[67988094, 1]	1	NB/01_projects/LMN_EM_General/for_Priya/20251124/PL_20251121/SI HAADF 1105.emd
2025-11-24T10:46+00:00	108.1	1024x1024	50	32	0.547	Talos F200X	200000	125	[(792, 785, 1), (792, 785, 32)]	[21585024, 1]	1	NB/01_projects/LMN_EM_General/for_Priya/20251124/PL_20251121/SI HAADF 1146.emd
2026-01-15T07:28+00:00	6.6	1024x1024	12.5	10	1.55	Talos F200X	200000	77	[(308, 163, 10)]	[550318, 1]	2	NB/01_projects/LMN_EM_General/for_MDW/MDW_PL_Maurice/SI HAADF 0828.emd
2026-01-15T07:34+00:00	1099.9	1024x1024	12.5	1024	0.387	Talos F200X	200000	125	[(450, 450, 1024)]	[247935463, 1]	2	NB/01_projects/LMN_EM_General/for_MDW/MDW_PL_Maurice/SI HAADF 0833.emd
2026-01-15T09:20+00:00	61.0	2048x2048	12.5	11	0.387	Talos F200X	200000	125	[(814, 833, 1), (814, 833, 1)]	[8994045, 1]	2	NB/01_projects/LMN_EM_General/for_MDW/MDW_PL_Maurice/SI HAADF 1020.emd
2026-01-15T10:01+00:00	1705.7	2048x2048	12.5	512	1.09	Talos F200X	200000	125	[(500, 1400, 1), (500, 1400, 1)]	[400645781, 1]	1	NB/01_projects/LMN_EM_General/for_MDW/MDW_PL_Maurice_2/SI HAADF 1100.emd
2026-01-15T10:01+00:00	1705.7	2048x2048	12.5	512	1.09	Talos F200X	200000	125	[(500, 1400, 1), (500, 1400, 1)]	[400645781, 1]	1	NB/01_projects/LMN_EM_General/for_MDW/MDW_PL_Maurice/SI HAADF 1100.emd
2026-01-15T11:53+00:00	257.6	2048x2048	12.5	144	1.09	Talos F200X	200000	125	[(1000, 350, 1), (1000, 350, 1)]	[53927799, 1]	2	NB/01_projects/LMN_EM_General/for_MDW/MDW_PL_Maurice/SI HAADF 1253.emd
2026-01-15T12:13+00:00	3593.3	2048x2048	12.5	1024	1.09	Talos F200X	200000	125	[(500, 1400, 1), (500, 1400, 1)]	[880971274, 1]	1	NB/01_projects/LMN_EM_General/for_MDW/MDW_PL_Maurice_2/SI HAADF 1312.emd
2026-02-11T15:10+00:00	143.5	1024x1024	4	27	0.773	Talos F200X	200000	125	[(1024, 1024, 1), (1024, 1024, 27)]	[28865672, 1]	3	NB/00_inbox/hyperspy_edx/SI HAADF 1610.emd
2026-02-11T15:15+00:00	145.3	1024x1024	8	48	0.194	Talos F200X	200000	125	[(578, 979, 1), (578, 979, 1)]	[30009926, 1]	1	NB/01_projects/CSnM_BS_FeO_NPs/BS_PL_FeO_NPs/SI HAADF 1615.emd
2026-03-11T13:29+00:00	0.6	0x0			6.09	Talos F200X	200000	125	[]	[98607, 1]	1	NB/01_projects/AGBeine_Katalyse/LR_PL_Rh_SiO_10M_EtOH/emd_files/Rh_SiO_10M_EtOH Spectrum EDS 16500 x 20260311 1429.emd
2026-03-11T13:36+00:00	156.8	1024x1024	12.5	90	6.09	Talos F200X	200000	125	[(600, 600, 1), (600, 600, 90)]	[33633902, 1]	1	NB/01_projects/AGBeine_Katalyse/LR_PL_Rh_SiO_10M_EtOH/emd_files/Rh_SiO_10M_EtOH SI HAADF 16500 x 20260311 1436.emd
2026-03-11T13:52+00:00	69.7	1024x1024	12.5	22	3.04	Talos F200X	200000	125	[(878, 644, 1), (878, 644, 1)]	[13114115, 1]	1	NB/01_projects/AGBeine_Katalyse/LR_PL_Rh_SiO_10M_EtOH/emd_files/Rh_SiO_10M_EtOH SI HAADF 33000 x 20260311 1452.emd
2026-03-11T13:56+00:00	54.2	1024x1024	12.5	14	3.04	Talos F200X	200000	125	[(858, 555, 1), (858, 555, 1)]	[9622485, 1]	1	NB/01_projects/AGBeine_Katalyse/LR_PL_Rh_SiO_10M_EtOH/emd_files/Rh_SiO_10M_EtOH SI HAADF 33000 x 20260311 1456 0001.emd
2026-03-11T14:16+00:00	124.5	1024x1024	12.5	50	1.55	Talos F200X	200000	125	[(750, 500, 1), (750, 500, 1)]	[25574344, 1]	1	NB/01_projects/AGBeine_Katalyse/LR_PL_Rh_SiO_10M_EtOH/emd_files/Rh_SiO_10M_EtOH SI HAADF 65000 x 20260311 1515.emd
2026-04-20T12:40+00:00	22.5	2048x2048	6.25	2	1.4	Talos F200X	200000	125	[(1710, 429, 2)]	[1671283, 1]	1	NB/01_projects/HQE_MM_Sensor/1765/SI HAADF 1440 71000 x 20260420.emd
2026-04-20T12:41+00:00	205.8	1024x1024	6.25	188	1.4	Talos F200X	200000	125	[(855, 215, 188), (855, 215, 1)]	[42128440, 1]	1	NB/01_projects/HQE_MM_Sensor/1765/SI HAADF 1441 71000 x 20260420.emd
2026-04-20T12:56+00:00	1739.5	1024x1024	6.25	1607	1.3	Talos F200X	200000	125	[(926, 215, 1), (926, 215, 1)]	[408245909, 1]	1	NB/01_projects/HQE_MM_Sensor/1765/SI HAADF 1456 77000 x 20260420.emd
2026-04-22T15:27+00:00	114.6	1024x1024	6.25	63	2.19	Talos F200X	200000	125	[(788, 351, 63), (788, 351, 1)]	[21912093, 1]	1	NB/01_projects/HQE_MM_Sensor/1743/SI HAADF 1727 46000 x 20260422.emd
2026-04-22T15:42+00:00	187.1	2048x2048	12.5	44	4.3	Talos F200X	200000	125	[(1800, 300, 1), (1800, 300, 1)]	[35842594, 1]	1	NB/01_projects/HQE_MM_Sensor/1743/SI HAADF 1742 23000 x 20260422.emd
2026-04-22T15:59+00:00	1191.0	1024x1024	6.25	188	0.547	Talos F200X	200000	125	[(1024, 1024, 188), (1024, 1024, 1)]	[270333517, 1]	1	NB/01_projects/HQE_MM_Sensor/1743/SI HAADF 1759 185 kx 20260422.emd
2026-04-23T14:54+00:00	945.4	2048x2048	3.12	212	3.04	Talos F200X	200000	125	[(1900, 500, 1), (1900, 500, 212)]	[213570243, 1]	1	NB/01_projects/HQE_MM_Sensor/1666/SI HAADF 1653 33000 x 20260423.emd
2026-04-23T16:04+00:00	486.2	2048x2048	6.25	85	4.3	Talos F200X	200000	125	[(1900, 500, 1), (1900, 500, 1)]	[101468998, 1]	1	NB/01_projects/HQE_MM_Sensor/1743/SI HAADF 1804 23000 x 20260423.emd
2026-05-06T16:40+00:00	913.0	1024x1024	8	160	4.3	Talos F200X	200000	125	[(1024, 1024, 1), (1024, 1024, 160)]	[220620960, 1]	1	NB/01_projects/GRK_LMW_LPBF_AlMgSi/CA_DA_140330/emd_files/SI HAADF 1840 23000 x 20260506.emd
2026-05-06T17:09+00:00	713.2	2048x2048	8	69	8.61	Talos F200X	200000	125	[(1600, 1000, 1), (1600, 1000, 1)]	[145592918, 1]	1	NB/01_projects/GRK_LMW_LPBF_AlMgSi/CA_DA_140330/emd_files/SI HAADF 1909 11500 x 20260506.emd
2026-05-06T17:49+00:00	1044.5	1024x1024	4	206	1.09	Talos F200X	200000	125	[(1024, 1024, 206), (1024, 1024, 1)]	[247291935, 1]	1	NB/01_projects/GRK_LMW_LPBF_AlMgSi/CA_DA_140330/emd_files/SI HAADF 1949 91000 x 20260506.emd
2026-05-08T11:12+00:00	455.2	2048x2048	3.12	28	8.61	Talos F200X	200000	125	[(1264, 1738, 1), (1264, 1738, 1)]	[74718418, 1]	2	NB/01_projects/GRK_LMW_LPBF_AlMgSi/CA_DA_170330/emd_files/SI HAADF 1312 11500 x 20260508.emd
2026-05-08T11:39+00:00	260.8	1024x1024	6.25	43	1.55	Talos F200X	200000	125	[(1024, 1024, 43), (1024, 1024, 1)]	[53486051, 1]	1	NB/01_projects/GRK_LMW_LPBF_AlMgSi/CA_DA_140330/emd_files/SI HAADF 1339 65000 x 20260508.emd
2026-05-12T13:34+00:00	933.1	2048x2048	2	104	6.09	Talos F200X	200000	125	[(1400, 1400, 1), (1400, 1400, 1)]	[211824602, 1]	1	NB/01_projects/GRK_LMW_LPBF_AlMgSi/CA_DA_170330/emd_files/SI HAADF 1534 16500 x 20260512.emd
2026-05-12T13:49+00:00	440.7	2048x2048	4	47	8.61	Talos F200X	200000	125	[(1692, 828, 1), (1692, 828, 47)]	[78717879, 1]	3	NB/00_inbox/hyperspy_edx/CA_DA_170330_EDX_2.emd
2026-05-12T14:06+00:00	169.3	1024x1024	4	30	0.773	Talos F200X	200000	125	[(1024, 1024, 1), (1024, 1024, 1)]	[35020797, 1]	1	NB/01_projects/GRK_LMW_LPBF_AlMgSi/CA_DA_170330/emd_files/SI HAADF 1606 130 kx 20260512.emd
2026-05-12T14:23+00:00	214.0	1024x1024	4	39	1.09	Talos F200X	200000	125	[(1024, 1024, 1), (1024, 1024, 1)]	[45635166, 1]	1	NB/01_projects/GRK_LMW_LPBF_AlMgSi/CA_DA_170330/emd_files/SI HAADF 1623 91000 x 20260512.emd
2026-05-12T14:33+00:00	7446.4	2048x2048	2	480	2.19	Talos F200X	200000	125	[(1800, 1800, 1), (1800, 1800, 1)]	[1590109429, 1]	3	NB/00_inbox/hyperspy_edx/CA_DA_170330_EDX.emd
2026-06-03T08:06+00:00	987.1	2048x2048	6.25	120	1.55	Talos F200X	200000	125	[(2048, 682, 120), (2048, 682, 1)]	[185490927, 1]	1	NB/01_projects/GRK_LMW_LPBF_AlMgSi/CA_DA_190330/emd_files/SI HAADF 1006 65000 x 20260603.emd
2026-06-03T08:38+00:00	989.5	2048x2048	6.25	120	1.09	Talos F200X	200000	125	[(2048, 682, 1), (2048, 682, 120)]	[186222513, 1]	1	NB/01_projects/GRK_LMW_LPBF_AlMgSi/CA_DA_190330/emd_files/SI HAADF 1038 91000 x 20260603.emd
2026-06-03T09:22+00:00	975.8	2048x2048	6.25	120	0.773	Talos F200X	200000	125	[(2048, 682, 120), (2048, 682, 1)]	[185862888, 1]	1	NB/01_projects/GRK_LMW_LPBF_AlMgSi/CA_DA_190330/emd_files/SI HAADF 1122 130 kx 20260603.emd
2026-06-05T08:52+00:00	988.1	2048x2048	6.25	120	3.04	Talos F200X	200000	125	[(2048, 682, 1), (2048, 682, 120)]	[186140868, 1]	1	NB/01_projects/GRK_LMW_LPBF_AlMgSi/CA_DA_190330/emd_files/SI HAADF 1052 33000 x 20260605.emd
2026-06-05T09:29+00:00	1776.0	2048x2048	8	83	4.3	Talos F200X	200000	125	[(2048, 2048, 1), (2048, 2048, 83)]	[407231928, 1]	1	NB/01_projects/GRK_LMW_LPBF_AlMgSi/CA_DA_190330/emd_files/SI HAADF 1129 23000 x 20260605.emd
2026-06-05T12:02+00:00	1202.9	2048x2048	8	53	4.3	Talos F200X	200000	125	[(2048, 2048, 1), (2048, 2048, 53)]	[267685477, 1]	1	NB/01_projects/GRK_LMW_LPBF_AlMgSi/CA_DA_170330/emd_files/SI HAADF 1402 23000 x 20260605.emd
2026-06-05T12:38+00:00	1010.6	2048x2048	6.25	120	3.04	Talos F200X	200000	125	[(2048, 682, 1), (2048, 682, 1)]	[193654922, 1]	1	NB/01_projects/GRK_LMW_LPBF_AlMgSi/CA_DA_170330/emd_files/SI HAADF 1438 33000 x 20260605.emd
2026-06-05T13:09+00:00	1002.2	2048x2048	6.25	120	1.55	Talos F200X	200000	125	[(2048, 682, 1), (2048, 682, 1)]	[194567713, 1]	1	NB/01_projects/GRK_LMW_LPBF_AlMgSi/CA_DA_170330/emd_files/SI HAADF 1509 65000 x 20260605.emd
2026-06-05T13:37+00:00	1011.2	2048x2048	6.25	120	1.09	Talos F200X	200000	125	[(2048, 682, 1), (2048, 682, 1)]	[193782604, 1]	1	NB/01_projects/GRK_LMW_LPBF_AlMgSi/CA_DA_170330/emd_files/SI HAADF 1537 91000 x 20260605.emd
2026-06-26T09:34+00:00	2328.4	1024x1024	12.5	511	6.09	Talos F200X	200000	125	[(1024, 1024, 1), (1024, 1024, 1)]	[559978287, 1]	1	NB/00_inbox/EW_BS_PL_Glassy_Carbon_TEM/EW_BS_PL_C_Lamella/emd_files/SI HAADF 1134 16500 x 20260626.emd
